Afghanistan;93
AfghanistanHerat;"9340
AfghanistanKabul;9320
AfghanistanM;937
AfghanistanMAWCC;9370
AfghanistanMRoshan;9379
Albania;355
AlbaniaMAMC;35568
AlbaniaMVodafone;35569
AlbaniaTirana;3554
Algeria;213
AlgeriaAlgiers;21321
AlgeriaM;21398
AlgeriaM;21399
AlgeriaMANM;2136
AlgeriaMOrascom;2137
AlgeriaMOrascom;21390
AlgeriaMOrascom;21391
AlgeriaMOrascom;21392
AlgeriaMOrascom;21393
AlgeriaMOrascom;21394
AlgeriaMWataniya;2135
AmericanSamoa;1684
Andorra;376
AndorraM;3763
AndorraM;3764
AndorraM;3766
Angola;244
AngolaM;2449
AngolaMMovicel;24491
AngolaMUnitel;24492
Anguilla;1264
Antarctica;672
AntiguaBarbuda;1268
Argentina;54
ArgentinaBahiaBlanca;54291
ArgentinaBuenosAires;5411
ArgentinaCordoba;54351
ArgentinaLaPlata;54221
ArgentinaM;549
ArgentinaMarDP;54223
ArgentinaMendoza;54261
ArgentinaRosario;54341
Armenia;374
ArmeniaM;3749
ArmeniaMArmentel;37491
ArmeniaMArmentel;37492
ArmeniaMKarabakh;37497
ArmeniaMKTel;37493
ArmeniaMKTel;37494
ArmeniaNagornoKarab;37447
ArmeniaYerevan;3741
Aruba;297
AscensionIsland;247
Australia;61
AustraliaAdelaide;61881
AustraliaAdelaide;61882
AustraliaAdelaide;61883
AustraliaAdelaide;61884
AustraliaBrisbane;6173
AustraliaCanberra;61261
AustraliaCanberra;61262
AustraliaM;6118
AustraliaM;614
AustraliaMelbourne;6138
AustraliaMelbourne;6139
AustraliaSydney;6128
AustraliaSydney;6129
Austria;43
AustriaM;43644
AustriaM;43666
AustriaM;43669
AustriaM;4367
AustriaM;4368
AustriaM;43686
AustriaM;4369
AustriaM3GMobile;43680
AustriaMConnect;43699
AustriaMHutch3G;43660
AustriaMMobilkom;43664
AustriaMTele2;43688
AustriaMTele2;4369988
AustriaMTele2;4369989
AustriaMTelering;43650
AustriaMTMobile;43676
AustriaVienna;431
Azerbaijan;994
AzerbaijanBaku;99412
AzerbaijanM;99440
AzerbaijanM;99450
AzerbaijanM;99455
AzerbaijanM;99460
AzerbaijanM;99470
Bahamas;1242
Bahrain;973
BahrainM;97336
BahrainM;97339
Bangladesh;880
BangladeshChittagon;88031
BangladeshDhaka;8802
BangladeshM;8801
BangladeshSylhet;880821
Barbados;1246
Belarus;375
BelarusM;375259
BelarusM;37529
BelarusM;37533
BelarusM;37544
BelarusMinsk;375172
BelarusMinsk;375175
Belgium;32
BelgiumBrussels;322
BelgiumM;3244
BelgiumM;3245
BelgiumMBelgacomProx;3247
BelgiumMKPNBase;3248
BelgiumMMobistar;3249
Belize;501
BelizeM;5016
Benin;229
BeninM;2299
Bermuda;1441
Bhutan;975
Bolivia;591
BoliviaCochabamba;59144
BoliviaLaPaz;59122
BoliviaM;5917
BoliviaSantaCruz;59133
BosniaHerz;387
BosniaHerzM;3876
BosniaHerzMBHT;38761
BosniaHerzMEronet;38763
BosniaHerzMSrpske;38765
BosniaHerzSarajevo;38733
Botswana;267
BotswanaM;2677
BotswanaMMascom;26771
BotswanaMOrange;26772
Brazil;55
BrazilBelem;5591
BrazilBeloHorizonte;5531
BrazilBeloHorizonteM;55317
BrazilBeloHorizonteM;55318
BrazilBeloHorizonteM;55319
BrazilBrasilia;5561
BrazilCampinas;5519
BrazilCampogrande;5567
BrazilCuritaba;5541
BrazilFlorianopolis;5548
BrazilFortaleza;5585
BrazilGoiania;5562
BrazilGovernadorVall;5533
BrazilLondrina;5543
BrazilM;55237
BrazilM;55238
BrazilM;55239
BrazilM;55257
BrazilM;55258
BrazilM;55259
BrazilM;55267
BrazilM;55268
BrazilM;55269
BrazilM;55277
BrazilM;55278
BrazilM;55279
BrazilM;55287
BrazilM;55288
BrazilM;55289
BrazilM;55297
BrazilM;55298
BrazilM;55299
BrazilM;55327
BrazilM;55328
BrazilM;55329
BrazilM;55337
BrazilM;55338
BrazilM;55339
BrazilM;55347
BrazilM;55348
BrazilM;55349
BrazilM;55357
BrazilM;55358
BrazilM;55359
BrazilM;55367
BrazilM;55368
BrazilM;55369
BrazilM;55377
BrazilM;55378
BrazilM;55379
BrazilM;55387
BrazilM;55388
BrazilM;55389
BrazilM;55397
BrazilM;55398
BrazilM;55399
BrazilM;55417
BrazilM;55418
BrazilM;55419
BrazilM;55427
BrazilM;55428
BrazilM;55429
BrazilM;55437
BrazilM;55438
BrazilM;55439
BrazilM;55447
BrazilM;55448
BrazilM;55449
BrazilM;55457
BrazilM;55458
BrazilM;55459
BrazilM;55467
BrazilM;55468
BrazilM;55469
BrazilM;55477
BrazilM;55478
BrazilM;55479
BrazilM;55487
BrazilM;55488
BrazilM;55489
BrazilM;55497
BrazilM;55498
BrazilM;55499
BrazilM;55517
BrazilM;55518
BrazilM;55519
BrazilM;55527
BrazilM;55528
BrazilM;55529
BrazilM;55537
BrazilM;55538
BrazilM;55539
BrazilM;55547
BrazilM;55548
BrazilM;55549
BrazilM;55557
BrazilM;55558
BrazilM;55559
BrazilM;55567
BrazilM;55568
BrazilM;55569
BrazilM;55577
BrazilM;55578
BrazilM;55579
BrazilM;55587
BrazilM;55588
BrazilM;55589
BrazilM;55597
BrazilM;55598
BrazilM;55599
BrazilM;55617
BrazilM;55618
BrazilM;55619
BrazilM;55627
BrazilM;55628
BrazilM;55629
BrazilM;55637
BrazilM;55638
BrazilM;55639
BrazilM;55647
BrazilM;55648
BrazilM;55649
BrazilM;55657
BrazilM;55658
BrazilM;55659
BrazilM;55667
BrazilM;55668
BrazilM;55669
BrazilM;55677
BrazilM;55678
BrazilM;55679
BrazilM;55687
BrazilM;55688
BrazilM;55689
BrazilM;55697
BrazilM;55698
BrazilM;55699
BrazilM;55717
BrazilM;55718
BrazilM;55719
BrazilM;55727
BrazilM;55728
BrazilM;55729
BrazilM;55737
BrazilM;55738
BrazilM;55739
BrazilM;55747
BrazilM;55748
BrazilM;55749
BrazilM;55757
BrazilM;55758
BrazilM;55759
BrazilM;55767
BrazilM;55768
BrazilM;55769
BrazilM;55777
BrazilM;55778
BrazilM;55779
BrazilM;55787
BrazilM;55788
BrazilM;55789
BrazilM;55797
BrazilM;55798
BrazilM;55799
BrazilM;55817
BrazilM;55818
BrazilM;55819
BrazilM;55827
BrazilM;55828
BrazilM;55829
BrazilM;55837
BrazilM;55838
BrazilM;55839
BrazilM;55847
BrazilM;55848
BrazilM;55849
BrazilM;55857
BrazilM;55858
BrazilM;55859
BrazilM;55867
BrazilM;55868
BrazilM;55869
BrazilM;55877
BrazilM;55878
BrazilM;55879
BrazilM;55887
BrazilM;55888
BrazilM;55889
BrazilM;55897
BrazilM;55898
BrazilM;55899
BrazilM;55917
BrazilM;55918
BrazilM;55919
BrazilM;55927
BrazilM;55928
BrazilM;55929
BrazilM;55937
BrazilM;55938
BrazilM;55939
BrazilM;55947
BrazilM;55948
BrazilM;55949
BrazilM;55957
BrazilM;55958
BrazilM;55959
BrazilM;55967
BrazilM;55968
BrazilM;55969
BrazilM;55977
BrazilM;55978
BrazilM;55979
BrazilM;55987
BrazilM;55988
BrazilM;55989
BrazilM;55997
BrazilM;55998
BrazilM;55999
BrazilManaus;5592
BrazilMaringa;5544
BrazilPalmas;5563
BrazilPortoAlegre;5551
BrazilRecife;5581
BrazilRioDeJaneiro;5521
BrazilRioDeJaneiroM;55217
BrazilRioDeJaneiroM;55218
BrazilRioDeJaneiroM;55219
BrazilRioDeJaneiroM;55227
BrazilRioDeJaneiroM;55228
BrazilRioDeJaneiroM;55229
BrazilRioDeJaneiroM;55247
BrazilRioDeJaneiroM;55248
BrazilRioDeJaneiroM;55249
BrazilSalvador;5571
BrazilSantos;5513
BrazilSaoPaulo;5511
BrazilSaoPauloM;55117
BrazilSaoPauloM;55118
BrazilSaoPauloM;55119
BrazilSaoPauloM;55127
BrazilSaoPauloM;55128
BrazilSaoPauloM;55129
BrazilSaoPauloM;55137
BrazilSaoPauloM;55138
BrazilSaoPauloM;55139
BrazilSaoPauloM;55147
BrazilSaoPauloM;55148
BrazilSaoPauloM;55149
BrazilSaoPauloM;55157
BrazilSaoPauloM;55158
BrazilSaoPauloM;55159
BrazilSaoPauloM;55167
BrazilSaoPauloM;55168
BrazilSaoPauloM;55169
BrazilSaoPauloM;55177
BrazilSaoPauloM;55178
BrazilSaoPauloM;55179
BrazilSaoPauloM;55187
BrazilSaoPauloM;55188
BrazilSaoPauloM;55189
BrazilSaoPauloM;55197
BrazilSaoPauloM;55198
BrazilSaoPauloM;55199
BrazilVitoria;5527
BritishVirginIslands;1284
Brunei;673
BruneiM;673227
BruneiM;673228
BruneiM;6738
Bulgaria;359
BulgariaBurgas;35956
BulgariaMBTC;35987
BulgariaMGlobul;35989
BulgariaMMobikom;35948
BulgariaMMobiltel;35988
BulgariaPlovdiv;35932
BulgariaRusse;35982
BulgariaSofia;3592
BulgariaVarna;35952
BurkinaFaso;226
BurkinaFasoMCeltel;22676
BurkinaFasoMTelecel;22678
BurkinaFasoMTelmob;22670
Burundi;257
BurundiM;25729
BurundiM;25776
BurundiM;25777
BurundiM;25778
BurundiM;25779
Cambodia;855
CambodiaM;8551
CambodiaM;8559
Cameroon;237
CameroonDouala;237337
CameroonDouala;237339
CameroonDouala;237340
CameroonDouala;237342
CameroonDouala;237343
CameroonDouala;237347
CameroonMMTN;23745
CameroonMMTN;23746
CameroonMMTN;23747
CameroonMMTN;23748
CameroonMMTN;23749
CameroonMMTN;2375
CameroonMMTN;2377
CameroonMOrange;23740
CameroonMOrange;23741
CameroonMOrange;23742
CameroonMOrange;23743
CameroonMOrange;23744
CameroonMOrange;2376
CameroonMOrange;2379
CameroonYaounde;23722
CanadaAlberta403;1403
CanadaAlberta780;1780
CanadaBritCol250;1250
CanadaBritCol778;1778
CanadaBritColVancouv;1604
CanadaManitoba;1204
CanadaNewBrunswick;1506
CanadaNewfoundland;1709
CanadaNovaScotia;1902
CanadaOntario226;1226
CanadaOntarioOtawwa;1613
CanadaOntarioSM;1705
CanadaOntarioTB;1807
CanadaOntarioToron289;1289
CanadaOntarioToron416;1416
CanadaOntarioToron647;1647
CanadaOntarioToron905;1905
CanadaOntarioWindsor;1519
CanadaQuebec418;1418
CanadaQuebec438;1438
CanadaQuebec450;1450
CanadaQuebec819;1819
CanadaQuebecMontreal;1514
CanadaSaskatchewan;1306
CanadaYukonNWTerrit;1867
CapeVerde;238
CapeVerdeM;2389
CaymanIslands;1345
CentralAfricanRep;236
ChadRepublic;235
Chile;56
ChileM;568
ChileM;569
ChileSantiago;562
China;86
ChinaBeijing;8610
ChinaFuzhou;86591
ChinaGuangzhou;8620
ChinaM;8613
ChinaM;86153
ChinaM;86159
ChinaShangai;8621
ChristmasCocosIslands;6189
Colombia;57
ColombiaArmeniaQuin;57673
ColombiaArmeniaQuin;57674
ColombiaBarranquilla;57532
ColombiaBarranquilla;57533
ColombiaBarranquilla;57534
ColombiaBarranquilla;57535
ColombiaBarranquilla;57536
ColombiaBarranquilla;57537
ColombiaBarranquilla;57538
ColombiaBogota;5712
ColombiaBogota;5713
ColombiaBogota;5714
ColombiaBogota;5715
ColombiaBogota;5716
ColombiaBogota;5717
ColombiaCali;5723
ColombiaCali;5724
ColombiaCali;5725
ColombiaCali;5726
ColombiaCali;57288
ColombiaCali;57289
ColombiaCartagena;5756
ColombiaM;573
ColombiaManizales;57680
ColombiaManizales;576858
ColombiaManizales;57687
ColombiaManizales;57688
ColombiaManizales;57689
ColombiaMedellin;5742
ColombiaMedellin;5743
ColombiaMedellin;5744
ColombiaMedellin;5745
ColombiaPalmira;57227
ColombiaPalmira;57228
ColombiaPereira;57631
ColombiaPereira;57632
ColombiaPereira;57633
ColombiaPereira;57635
Congo;242
CongoMCeltel;2425
CongoMCyrus;2424
CongoMCyrus;24244
CongoMLibertis;2426
CookIsland;682
CostaRica;506
CostaRicaM;5063
CostaRicaM;5068
Croatia;385
CroatiaMTele2;38595
CroatiaMTMobile;38598
CroatiaMTMobile;38599
CroatiaMVipnet;38591
CroatiaMVipnet;38592
CroatiaMVipnet;385990
CroatiaMVipnet;385991
CroatiaMVipnet;385994
CroatiaMVipnet;385995
Cuba;53
Cyprus;357
CyprusM;35796
CyprusM;35797
CyprusM;35799
CzechRep;420
CzechRepM;4206
CzechRepM;4207
CzechRepMCesky;420608
CzechRepMCesky;42076
CzechRepMCesky;42077
CzechRepMEurotel;420601
CzechRepMEurotel;420602
CzechRepMEurotel;420606
CzechRepMEurotel;420607
CzechRepMEurotel;42072
CzechRepMRadiomobil;420603
CzechRepMRadiomobil;420604
CzechRepMRadiomobil;420605
CzechRepMRadiomobil;42073
CzechRepPrague;4202
Denmark;45
DenmarkCopenhagen;453
DenmarkM;45257
DenmarkM;45258
DenmarkM;4531
DenmarkM;45319
DenmarkM;45414
DenmarkM;45415
DenmarkM;45618
DenmarkM;45619
DenmarkMSonofon;45206
DenmarkMSonofon;45207
DenmarkMSonofon;45208
DenmarkMSonofon;45209
DenmarkMSonofon;4522
DenmarkMSonofon;4525
DenmarkMSonofon;4531312
DenmarkMSonofon;45318
DenmarkMSonofon;45405
DenmarkMSonofon;45406
DenmarkMSonofon;45407
DenmarkMSonofon;45408
DenmarkMSonofon;45409
DenmarkMSonofon;4541
DenmarkMSonofon;45501
DenmarkMSonofon;45502
DenmarkMSonofon;45503
DenmarkMSonofon;45504
DenmarkMSonofon;45505
DenmarkMSonofon;45506
DenmarkMSonofon;45507
DenmarkMSonofon;45508
DenmarkMSonofon;45509
DenmarkMSonofon;45605
DenmarkMSonofon;45606
DenmarkMSonofon;45607
DenmarkMSonofon;45608
DenmarkMSonofon;456091
DenmarkMSonofon;456092
DenmarkMSonofon;456093
DenmarkMSonofon;456094
DenmarkMSonofon;456095
DenmarkMSonofon;456096
DenmarkMSonofon;456097
DenmarkMSonofon;456098
DenmarkMTDC;4520
DenmarkMTDC;4521
DenmarkMTDC;4523
DenmarkMTDC;4524
DenmarkMTDC;4529
DenmarkMTDC;4530
DenmarkMTDC;45401
DenmarkMTDC;45402
DenmarkMTDC;45403
DenmarkMTDC;45404
DenmarkMTDC;4551
DenmarkMTDC;456099
DenmarkMTDC;4561
DenmarkMTelia;452395
DenmarkMTelia;4526
DenmarkMTelia;4527
DenmarkMTelia;4528
DenmarkMTelia;455188
DenmarkMTelia;455189
DenmarkMTelia;45601
DenmarkMTelia;45602
DenmarkMTelia;45603
DenmarkMTelia;45604
DenmarkMTelia;456146
DiegoGarcia;246
Djibouti;253
DjiboutiMEvatis;25380
DjiboutiMEvatis;25381
DjiboutiMEvatis;25382
DjiboutiMEvatis;25383
DjiboutiMEvatis;25384
DjiboutiMEvatis;25385
Dominica;1767
DominicanRepublic;1809
DominicanRepublic;1829
EastTimor;670
Ecuador;593
EcuadorCuenca;5937
EcuadorGuayaquil;5934
EcuadorM;5938
EcuadorM;5939
EcuadorQuito;5932
Egypt;20
EgyptAlexandria;203
EgyptCairo;202
EgyptM;201
EgyptMMobilnil;2012
EgyptMVodafone;2010
ElSalvador;503
ElSalvadorM;503210
ElSalvadorM;503226
ElSalvadorM;503230
ElSalvadorM;503231
ElSalvadorM;503232
ElSalvadorM;503241
ElSalvadorM;503250
ElSalvadorM;503251
ElSalvadorM;503260
ElSalvadorM;503261
ElSalvadorM;503263
ElSalvadorM;5037
ElSalvadorM;5038
ElSalvadorM;5039
EmsatSatelliteService;882
EquatorGuinea;240
EquatorGuineaM;2402
EquatorGuineaM;2405
Eritrea;291
EritreaMEritel;2917
EritreaMTSE;291171
EritreaMTSE;291172
EritreaMTSE;291173
Estonia;372
EstoniaM;3725
Ethiopia;251
EthiopiaAddisAbaba;25111
EthiopiaM;2519
FaeroeIslands;298
FalklandIslands;500
FijiIslands;679
Finland;358
FinlandHelsinki;3589
FinlandM;3584
FinlandM;35850
France;33
FranceM;336
FranceMBouygues;33650
FranceMBouygues;33653
FranceMBouygues;3366
FranceMBouygues;33698
FranceMBouygues;33699
FranceMOrange;33607
FranceMOrange;33608
FranceMOrange;33630
FranceMOrange;33631
FranceMOrange;33632
FranceMOrange;33633
FranceMOrange;33637
FranceMOrange;3367
FranceMOrange;3368
FranceMSFR;33603
FranceMSFR;33609
FranceMSFR;3361
FranceMSFR;3362
FranceMSFR;33634
FranceMSFR;33635
FranceMSFR;33636
FranceParis;331
FrenchGuyana;594
FrenchGuyanaM;594694
FrenchPolynesia;689
Gabon;241
GabonMCeltel;24107
GabonMLibertis;24106
GabonMTelecel;24105
Gambia;220
GambiaM;2206
GambiaM;2207
GambiaM;2209
Georgia;995
GeorgiaMGeocell;99555
GeorgiaMGeocell;99577
GeorgiaMGeocell;99590
GeorgiaMGeocell;99593
GeorgiaMGeocell;99595
GeorgiaMGeocell;99598
GeorgiaMMagtiGSM;99599
GeorgiaMMegakomAMPS;99597
GeorgiaTbilisi;99532
Germany;49
GermanyM;4915
GermanyM;4916
GermanyM;4917
GermanyMEplus;49155
GermanyMEplus;49157
GermanyMEplus;49163
GermanyMEplus;49177
GermanyMEplus;49178
GermanyMO2;49159
GermanyMO2;49176
GermanyMO2;49179
GermanyMTMobileD1;49151
GermanyMTMobileD1;49160
GermanyMTMobileD1;49170
GermanyMTMobileD1;49171
GermanyMTMobileD1;49175
GermanyMVodafoneD2;49152
GermanyMVodafoneD2;49162
GermanyMVodafoneD2;49172
GermanyMVodafoneD2;49173
GermanyMVodafoneD2;49174
Ghana;233
GhanaAccra;23321
GhanaMCelltel;23328
GhanaMGTOnetouch;23320
GhanaMMobitel;23327
GhanaMScancom;23324
Gibraltar;350
GibraltarMGibtel;35054
GibraltarMGibtel;35056
GibraltarMGibtel;35057
GibraltarMGibtel;35058
Greece;30
GreeceAthens;3021
GreeceM;3069
GreeceMCosmote;30697
GreeceMCosmote;30698
GreeceMQTelecom;30699
GreeceMTelestet;30693
GreeceMVodafone;30694
GreeceThessaloniki;302310
Greenland;299
GreenlandM;29949
GreenlandM;2995
Grenada;1473
Guadeloupe;590
GuadeloupeM;590690
Guam;1671
Guatemala;502
Guinea;224
GuineaBissau;245
GuineaMAreeba;22464
GuineaMCellcom;22465
GuineaMIntercel;22463
GuineaMSotelgui;22460
GuineaMSpacetel;22462
Guyana;592
Haiti;509
HaitiMComcel;5094
HaitiMComcel;50990
HaitiMComcel;50991
HaitiMComcel;50992
HaitiMComcel;50993
HaitiMComcel;50994
HaitiMDigicel;5096
HaitiMDigicel;5097
HaitiMHaitel;5095
HaitiMRectel;5093
Honduras;504
HondurasM;5043
HondurasM;5048
HondurasMCtel;5049
HongKong;852
HongKongM1;8526
HongKongM2;8529
HongKongM3;85217
HongKongM4;8524
Hungary;36
HungaryBudapest;361
HungaryMPannon;3620
HungaryMTMobWestel;3630
HungaryMVodafone;3670
Iceland;354
IcelandM;35438
IcelandM;3546
IcelandM;3548
India;91
IndiaAmadabad;9179
IndiaBangalore;9180
IndiaBombay;9122
IndiaCalcutta;9133
IndiaGujarat;9126
IndiaGujarat;9127
IndiaGujarat;9128
IndiaHyderabad;9140
IndiaKerala;9147
IndiaKerala;9148
IndiaKerala;9149
IndiaM;919
IndiaMadras;9144
IndiaNewDelhi;9111
IndiaPune;9120
IndiaPunjab;9116
IndiaPunjab;9117
IndiaPunjab;9118
Indonesia;62
IndonesiaBandung;6222
IndonesiaDenpasar;62361
IndonesiaJakarta;6221
IndonesiaM;628
IndonesiaMalang;62341
IndonesiaMedan;6261
IndonesiaMExcelcom;62817
IndonesiaMExcelcom;62818
IndonesiaMExcelcom;62819
IndonesiaMExcelcom;62859
IndonesiaMIndosat;62815
IndonesiaMIndosat;62816
IndonesiaMIndosat;62855
IndonesiaMIndosat;62856
IndonesiaMTelkomsel;62811
IndonesiaMTelkomsel;62812
IndonesiaMTelkomsel;62813
IndonesiaMTelkomsel;62852
IndonesiaSurubaya;6231
InmasrsatA;8701
InmasrsatA;8708
InmasrsatA;8711
InmasrsatA;8718
InmasrsatA;8721
InmasrsatA;8728
InmasrsatA;8731
InmasrsatA;8738
InmasrsatA;8741
InmasrsatA;8748
InmasrsatAero;8705
InmasrsatAero;8715
InmasrsatAero;8725
InmasrsatAero;8735
InmasrsatAero;8745
InmasrsatB;8703
InmasrsatB;8713
InmasrsatB;8723
InmasrsatB;8733
InmasrsatB;8743
InmasrsatBGAN;87077
InmasrsatBGANHSD;87078
InmasrsatBHSD;87039
InmasrsatBHSD;87139
InmasrsatBHSD;87239
InmasrsatBHSD;87339
InmasrsatBHSD;87439
InmasrsatGFSHSD;87060
InmasrsatGFSHSD;87160
InmasrsatGFSHSD;87260
InmasrsatGFSHSD;87360
InmasrsatGFSHSD;87460
InmasrsatM;8706
InmasrsatM;8716
InmasrsatM;8726
InmasrsatM;8736
InmasrsatM;8746
InmasrsatMiniMGFS;87076
InmasrsatMiniMGFS;87176
InmasrsatMiniMGFS;87276
InmasrsatMiniMGFS;87376
InmasrsatMiniMGFS;87476
Iran;98
IranM;989
IranTehran;9821
Iraq;964
IraqBaghdad;9641
IraqM;9647
IraqMAsiaCell;96477
IraqMAtheer;96478
IraqMIraqna;96479
IraqMKorek;96475
Ireland;353
IrelandDublin;3531
IrelandM;3538
IrelandMH3G;35383
IrelandMMeteor;35385
IrelandMO2;35386
IrelandMVodafone;35387
IrelandMVodafone;35388
IridiumNetworksGMSS;881
Israel;972
IsraelCell;9725
IsraelCell;9726
IsraelJerusalem;9722
IsraelMCellcom;97252
IsraelMMirs;97257
IsraelMPartnerOrange;97254
IsraelMPelephone;97250
IsraelTelAviv;9723
Italy;39
ItalyM;393
ItalyMH3G;39390
ItalyMH3G;39391
ItalyMH3G;39392
ItalyMH3G;39393
ItalyMH3G;39397
ItalyMilan;3902
ItalyMOmnitel;3934
ItalyMOmnitel;39377
ItalyMTIM;3933
ItalyMTIM;39360
ItalyMTIM;39361
ItalyMTIM;39362
ItalyMTIM;39363
ItalyMTIM;39366
ItalyMTIM;39368
ItalyMWind;39320
ItalyMWind;39322
ItalyMWind;39323
ItalyMWind;39327
ItalyMWind;39328
ItalyMWind;39329
ItalyMWind;39380
ItalyMWind;39383
ItalyMWind;39387
ItalyMWind;39388
ItalyMWind;39389
IvoryCoast;225
IvoryCoastAbidjan;22521
IvoryCoastM;2250
IvoryCoastMOrange;22507
IvoryCoastMOrange;22508
IvoryCoastMOrange;22509
Jamaica;1876
JamaicaMCentennial;1876301
JamaicaMCentennial;1876302
JamaicaMCentennial;1876303
JamaicaMCentennial;1876304
JamaicaMCentennial;1876305
JamaicaMCentennial;1876306
JamaicaMCentennial;1876307
JamaicaMCentennial;1876308
JamaicaMCentennial;1876309
JamaicaMCentennial;187649
JamaicaMCentennial;1876550
JamaicaMCentennial;1876551
JamaicaMCentennial;1876552
JamaicaMCentennial;1876553
JamaicaMCentennial;1876621
JamaicaMCWJ;1876232
JamaicaMCWJ;187631
JamaicaMCWJ;187632
JamaicaMCWJ;187633
JamaicaMCWJ;187634
JamaicaMCWJ;187653
JamaicaMCWJ;187654
JamaicaMCWJ;1876654
JamaicaMCWJ;1876655
JamaicaMCWJ;1876656
JamaicaMCWJ;1876700
JamaicaMCWJ;1876707
JamaicaMCWJ;187677
JamaicaMCWJ;1876781
JamaicaMCWJ;1876782
JamaicaMCWJ;1876783
JamaicaMCWJ;1876784
JamaicaMCWJ;1876787
JamaicaMCWJ;1876788
JamaicaMCWJ;1876789
JamaicaMCWJ;1876790
JamaicaMCWJ;1876791
JamaicaMCWJ;1876792
JamaicaMCWJ;1876793
JamaicaMCWJ;1876796
JamaicaMCWJ;1876797
JamaicaMCWJ;1876798
JamaicaMCWJ;1876799
JamaicaMCWJ;1876801
JamaicaMCWJ;1876802
JamaicaMCWJ;1876803
JamaicaMCWJ;1876804
JamaicaMCWJ;1876805
JamaicaMCWJ;1876806
JamaicaMCWJ;1876807
JamaicaMCWJ;1876808
JamaicaMCWJ;1876809
JamaicaMCWJ;187681
JamaicaMCWJ;187682
JamaicaMCWJ;187683
JamaicaMCWJ;1876909
JamaicaMCWJ;1876919
JamaicaMCWJ;1876990
JamaicaMCWJ;1876995
JamaicaMCWJ;1876997
JamaicaMCWJ;1876999
JamaicaMDigicell;187635
JamaicaMDigicell;187636
JamaicaMDigicell;187637
JamaicaMDigicell;187638
JamaicaMDigicell;187639
JamaicaMDigicell;1876401
JamaicaMDigicell;1876402
JamaicaMDigicell;1876403
JamaicaMDigicell;1876404
JamaicaMDigicell;1876405
JamaicaMDigicell;1876406
JamaicaMDigicell;1876407
JamaicaMDigicell;1876408
JamaicaMDigicell;1876409
JamaicaMDigicell;187641
JamaicaMDigicell;187642
JamaicaMDigicell;187643
JamaicaMDigicell;187644
JamaicaMDigicell;187645
JamaicaMDigicell;187646
JamaicaMDigicell;187647
JamaicaMDigicell;187648
JamaicaMDigicell;1876565
JamaicaMDigicell;1876566
JamaicaMDigicell;1876567
JamaicaMDigicell;1876568
JamaicaMDigicell;1876569
JamaicaMDigicell;187657
JamaicaMDigicell;187658
JamaicaMDigicell;1876648
JamaicaMDigicell;1876649
JamaicaMDigicell;187684
JamaicaMDigicell;187685
JamaicaMDigicell;187686
JamaicaMDigicell;187687
JamaicaMDigicell;187688
JamaicaMDigicell;187689
Japan;81
JapanM;8170
JapanM;8180
JapanM;8190
JapanOsaka;816
JapanOsakaMilitary;81611
JapanTokyo;813
JapanTokyoMilitary;81311
Jordan;962
JordanAman;9626
JordanM;9627
JordanMFastlink;96279
JordanMMobilcom;96277
JordanMUmniah;96278
Kazakhstan;731
Kazakhstan;732
KazakhstanAktau;73292
KazakhstanAlmaty;73272
KazakhstanAstana;73172
KazakhstanChimkent;73252
KazakhstanKaraganda;73212
KazakhstanM;7300
KazakhstanM;7333
KazakhstanM;7570
KazakhstanM;7573
KazakhstanM;7574
KazakhstanM;7700
KazakhstanM;7705
KazakhstanM;7707
KazakhstanM;7777
KazakhstanMKCell;7701
KazakhstanMKCell;7702
KazakhstanPavlodar;73182
KazakhstanUralsk;73112
Kenya;254
KenyaM;2547
KenyaMKencell;25473
KenyaMobassa;25411
KenyaMobassa;25441
KenyaMSafaricom;25472
KenyaNairobi;25420
Kiribati;686
KiribatiM;68630
KiribatiM;6869
KoreaNorth;850
KoreaSouth;82
KoreaSouthM;821
KoreaSouthMSKT;8211
KoreaSouthMSKT;8217
KoreaSouthSeoul;822
Kuwait;965
KuwaitM;96544
KuwaitM;9656
KuwaitM;9659
KuwaitMVodafone;9657
Kyrgyzstan;996
KyrgyzstanBishkek;996312
KyrgyzstanM;9965
KyrgyzstanMBishk;99631258
KyrgyzstanMBishk;99631297
KyrgyzstanMBishk;99631298
KyrgyzstanMBitel;996502
KyrgyzstanMKatel;996517
Laos;856
LaosM;85620
Latvia;371
LatviaM;3712
LatviaM;371685
LatviaM;37185
LatviaMBiteGSM;3712205
LatviaMBiteGSM;3712206
LatviaMBiteGSM;3712207
LatviaMBiteGSM;3712208
LatviaMBiteGSM;3712209
LatviaMBiteGSM;371221
LatviaMBiteGSM;3712239
LatviaMBiteGSM;3712550
LatviaMBiteGSM;3712551
LatviaMBiteGSM;3712552
LatviaMBiteGSM;3712553
LatviaMBiteGSM;3712554
LatviaMBiteGSM;3712555
LatviaMBiteGSM;3712585
LatviaMBiteGSM;3712586
LatviaMBiteGSM;3712587
LatviaMBiteGSM;3712588
LatviaMBiteGSM;3712720
LatviaMBiteGSM;3712721
LatviaMBiteGSM;3712722
LatviaMBiteGSM;3712723
LatviaMBiteGSM;3712724
LatviaMBiteGSM;3712725
LatviaMBiteGSM;3712726
LatviaMBiteGSM;3712728
LatviaMBiteGSM;3712729
LatviaMBiteGSM;371273
LatviaMBiteGSM;371274
LatviaMBiteGSM;371275
LatviaMBiteGSM;3712760
LatviaMBiteGSM;3712761
LatviaMBiteGSM;3712762
LatviaMBiteGSM;3712763
LatviaMBiteGSM;3712764
LatviaMBiteGSM;3712765
LatviaMBiteGSM;3712766
LatviaMBiteGSM;3712767
LatviaMBiteGSM;371277
LatviaMLMT;3712200
LatviaMLMT;3712201
LatviaMLMT;3712202
LatviaMLMT;3712203
LatviaMLMT;3712204
LatviaMLMT;371224
LatviaMLMT;3712556
LatviaMLMT;3712557
LatviaMLMT;3712558
LatviaMLMT;3712559
LatviaMLMT;371261
LatviaMLMT;371262
LatviaMLMT;371263
LatviaMLMT;371264
LatviaMLMT;371265
LatviaMLMT;371266
LatviaMLMT;371278
LatviaMLMT;371283
LatviaMLMT;3712849
LatviaMLMT;371286
LatviaMLMT;371287
LatviaMLMT;371291
LatviaMLMT;371292
LatviaMLMT;371293
LatviaMLMT;371294
LatviaMTele2;3712230
LatviaMTele2;3712231
LatviaMTele2;3712232
LatviaMTele2;3712233
LatviaMTele2;3712234
LatviaMTele2;3712235
LatviaMTele2;3712236
LatviaMTele2;3712237
LatviaMTele2;3712238
LatviaMTele2;371259
LatviaMTele2;371260
LatviaMTele2;371267
LatviaMTele2;371268
LatviaMTele2;371269
LatviaMTele2;371270
LatviaMTele2;371271
LatviaMTele2;371282
LatviaMTele2;3712844
LatviaMTele2;3712845
LatviaMTele2;3712846
LatviaMTele2;3712847
LatviaMTele2;3712848
LatviaMTele2;371288
LatviaMTele2;371295
LatviaMTele2;371296
LatviaMTele2;371297
LatviaMTele2;371298
LatviaMTele2;371299
LatviaRiga;3717
Lebanon;961
LebanonBeirut;9611
LebanonM;9613
LebanonM;96170
LebanonM;96171
Lesotho;266
LesothoMEconetEzi;2666
LesothoMVodacom;2665
Liberia;231
LiberiaM;23103
LiberiaM;23128
LiberiaM;23138
LiberiaM;23139
LiberiaMCellcom;2317
LiberiaMComium;2315
LiberiaMLibercel;2314
LiberiaMLonestar;2316
Libya;218
LibyaM;21891
LibyaM;21892
Liechtenstein;423
LiechtensteinM;4235
LiechtensteinM;4236
LiechtensteinM;4237
LiechtensteinMMobilkom;42379
LiechtensteinMOrange;42378
LiechtensteinMTele2;42376
Lithuania;370
LithuaniaM;3706
LithuaniaMBite;37063
LithuaniaMBite;370640
LithuaniaMBite;370641
LithuaniaMBite;370642
LithuaniaMBite;370643
LithuaniaMBite;370644
LithuaniaMBite;370649
LithuaniaMBite;37065
LithuaniaMBite;370660
LithuaniaMBite;370681
LithuaniaMBite;370685
LithuaniaMBite;370689
LithuaniaMBite;370690
LithuaniaMBite;370699
LithuaniaMOmnitel;37061
LithuaniaMOmnitel;37062
LithuaniaMOmnitel;370680
LithuaniaMOmnitel;370682
LithuaniaMOmnitel;370686
LithuaniaMOmnitel;370687
LithuaniaMOmnitel;370688
LithuaniaMOmnitel;370692
LithuaniaMOmnitel;370693
LithuaniaMOmnitel;370694
LithuaniaMOmnitel;370695
LithuaniaMOmnitel;370696
LithuaniaMOmnitel;370697
LithuaniaMOmnitel;370698
LithuaniaMTele2;37060
LithuaniaMTele2;370645
LithuaniaMTele2;370646
LithuaniaMTele2;370647
LithuaniaMTele2;370648
LithuaniaMTele2;37067
LithuaniaMTele2;370683
LithuaniaMTele2;370684
Luxembourg;352
LuxembourgM;352021
LuxembourgM;352028
LuxembourgM;3520291
LuxembourgM;352061
LuxembourgM;352068
LuxembourgM;352091
LuxembourgM;352098
LuxembourgM;35221
LuxembourgM;35228
LuxembourgM;352291
LuxembourgM;35261
LuxembourgM;352621
LuxembourgM;352628
LuxembourgM;352661
LuxembourgM;352668
LuxembourgM;35268
LuxembourgM;352691
LuxembourgM;352698
LuxembourgM;35291
LuxembourgM;35298
Macao;853
MacaoM;8536
Macedonia;389
MacedoniaM;3897
MacedoniaMCosmofon;38975
MacedoniaMMobimak;38970
MacedoniaMMobimak;38971
MacedoniaSkopje;3892
Madagascar;261
MadagascarM;2613
MadagascarMIntercel;26130
MadagascarMMadacom;26133
MadagascarMOrange;26132
Malawi;265
MalawiMCeltel;2659
MalawiMTMN;2658
Malaysia;60
MalaysiaJohorBahru;607
MalaysiaKualaLampur;603
MalaysiaM;601
MalaysiaMalacca;606
MalaysiaMCelcom;6010
MalaysiaMCelcom;6011
MalaysiaMCelcom;60148
MalaysiaMCelcom;6019
MalaysiaMDigi;601430
MalaysiaMDigi;601431
MalaysiaMDigi;601432
MalaysiaMDigi;601435
MalaysiaMDigi;60146
MalaysiaMDigi;6016
MalaysiaMMaxis;6012
MalaysiaMMaxis;60142
MalaysiaMMaxis;6017
MalaysiaPenang;604
Maldives;960
MaldivesM;9607
MaldivesM;9609
MaliRep;223
MaliRepBamako;22322
MaliRepMIkatel;22330
MaliRepMIkatel;22331
MaliRepMIkatel;22332
MaliRepMIkatel;22333
MaliRepMIkatel;22334
MaliRepMIkatel;22350
MaliRepMIkatel;22351
MaliRepMIkatel;22352
MaliRepMIkatel;22353
MaliRepMIkatel;22354
MaliRepMIkatel;22360
MaliRepMIkatel;22361
MaliRepMIkatel;22362
MaliRepMIkatel;22363
MaliRepMIkatel;22364
MaliRepMIkatel;22390
MaliRepMIkatel;22391
MaliRepMIkatel;22392
MaliRepMIkatel;22393
MaliRepMIkatel;22394
MaliRepMMalitel;22355
MaliRepMMalitel;22356
MaliRepMMalitel;22357
MaliRepMMalitel;22358
MaliRepMMalitel;22359
MaliRepMMalitel;22365
MaliRepMMalitel;22366
MaliRepMMalitel;22367
MaliRepMMalitel;22368
MaliRepMMalitel;22369
MaliRepMMalitel;22395
MaliRepMMalitel;22396
MaliRepMMalitel;22397
MaliRepMMalitel;22398
MaliRepMMalitel;22399
Malta;356
MaltaM;3569
MaltaMGoMobile;35672
MaltaMGoMobile;35679
MaltaMVodafone;35692
MaltaMVodafone;35694
MaltaMVodafone;35699
MarshallIslands;692
Martinique;596
MartiniqueM;596696
Mauritania;222
MauritaniaM;2226
MauritaniaM;22271
MauritaniaM;22274
MauritaniaM;22275
MauritaniaM;22276
Mauritius;230
MauritiusM;23025
MauritiusM;230421
MauritiusM;230422
MauritiusM;230423
MauritiusM;230428
MauritiusM;230429
MauritiusM;23049
MauritiusM;23071
MauritiusM;23072
MauritiusM;23073
MauritiusM;23074
MauritiusM;23075
MauritiusM;23076
MauritiusM;23077
MauritiusM;23078
MauritiusM;23079
MauritiusM;230871
MauritiusM;230875
MauritiusM;230876
MauritiusM;23091
MauritiusM;23093
MauritiusM;23094
MauritiusM;23095
MayotteComoros;269
Mexico;52
MexicoAcaponeta;52325
MexicoAcapulco;52744
MexicoActopan;52772
MexicoAguacalientes;52449
MexicoAguaPrieta;52633
MexicoAllende;52862
MexicoAmecameca;52597
MexicoApango;52754
MexicoApatzingan;52453
MexicoApizaco;52241
MexicoArcelia;52732
MexicoAtencingo;52243
MexicoAtlacomulco;52712
MexicoAtlixco;52244
MexicoAutlan;52317
MexicoBahiaDeHuatul;52958
MexicoCaborca;52637
MexicoCadereyta;52828
MexicoCampeche;52981
MexicoCananea;52645
MexicoCancun;52998
MexicoCatemaco;52294
MexicoCelaya;52461
MexicoCerralvo;52892
MexicoChetumal;52983
MexicoChihuahua;52614
MexicoChilapa;52756
MexicoChilpancingo;52747
MexicoChina;52823
MexicoCiudadAcuna;52877
MexicoCiudadAltamir;52625
MexicoCiudadAltamir;52767
MexicoCiudadCamargo;52341
MexicoCiudadCamargo;52639
MexicoCiudadCamargo;52648
MexicoCiudadCamargo;52891
MexicoCiudadConstit;52613
MexicoCiudadDelCarm;52938
MexicoCiudadHidalgo;52786
MexicoCiudadLazaro;52753
MexicoCiudadMante;52831
MexicoCiudadObregon;52644
MexicoCiudadSahagun;52791
MexicoCiudadValles;52481
MexicoCiudadVictoria;52834
MexicoCoatzacoalcos;52921
MexicoColima;52312
MexicoCordoba;52271
MexicoCozumel;52667
MexicoCozumel;52987
MexicoCuautla;52735
MexicoCuernavaca;52777
MexicoDurango;52618
MexicoEncarnacion;52475
MexicoEnsenada;52646
MexicoFresnillo;52493
MexicoGuadalajara;5233
MexicoGuadalupeVict;52676
MexicoGuamuchil;52673
MexicoGuanajuato;52473
MexicoGuasave;52687
MexicoGuaymas;52622
MexicoGuerreroNegro;52615
MexicoHermosillo;52662
MexicoHidalgo;52829
MexicoHidalgoDelPar;52627
MexicoHuatabambo;52435
MexicoHuatabampo;52647
MexicoHuimanguillo;52917
MexicoHuitzuco;52727
MexicoIguala;52733
MexicoIrapuato;52462
MexicoIxtapanDeLaSal;52721
MexicoIxtlanDeRio;52324
MexicoJalapa;52228
MexicoJalpa;52463
MexicoJerezDeGarcia;52494
MexicoJojutla;52734
MexicoJuarez;52656
MexicoJuchitan;52971
MexicoLaBarca;52393
MexicoLagosDeMoreno;52474
MexicoLaPaz;52612
MexicoLaPiedad;52352
MexicoLeon;52477
MexicoLerdoDeTejada;52284
MexicoLerma;52728
MexicoLinares;52821
MexicoLosMochis;52668
MexicoLosReyes;52354
MexicoM;521
MexicoMagdalena;52632
MexicoManuel;52836
MexicoManzanillo;52314
MexicoMartinezDeLa;52232
MexicoMatamoros;52868
MexicoMatehuala;52488
MexicoMazatlan;52669
MexicoMerida;52999
MexicoMexicali;52686
MexicoMexicoCity;5255
MexicoMilpasViejas;52389
MexicoMinatitlan;52922
MexicoMogales;52631
MexicoMonclova;52866
MexicoMontemorelos;52826
MexicoMonterey;5281
MexicoMorelia;52443
MexicoMoroleon;52445
MexicoNacozari;52634
MexicoNavojoa;52642
MexicoNuevoCasasGran;52636
MexicoNuevoLaredo;52867
MexicoOaxaca;52951
MexicoOcotlan;52392
MexicoOjinaga;52626
MexicoOmetepec;52741
MexicoOrizaba;52272
MexicoPachuca;52771
MexicoPalenque;52916
MexicoParral;52965
MexicoParrasDeLaFue;52434
MexicoParrasDeLaFue;52842
MexicoPenjamo;52469
MexicoPetatlan;52758
MexicoPidreasNegras;52878
MexicoPozaRica;52782
MexicoPuebla;52222
MexicoPuertoPenasco;52638
MexicoPuertoVallarta;52322
MexicoPuruandiro;52438
MexicoQueretaro;52442
MexicoReynosa;52623
MexicoReynosa;52899
MexicoRioGrande;52498
MexicoRioVerde;52487
MexicoRosarito;52661
MexicoSabinas;52861
MexicoSahuayo;52353
MexicoSalmanca;52464
MexicoSaltillo;52844
MexicoSalvatierra;52466
MexicoSanCristobal;52967
MexicoSanFelipe;52986
MexicoSanFernando;52841
MexicoSanJoseDeGrac;52381
MexicoSanJoseDelCabo;52624
MexicoSanJuanDelRio;52427
MexicoSanLuisDeLaPaz;52468
MexicoSanLuisPotosi;52444
MexicoSanLuisRioCol;52653
MexicoSanMiguel;52415
MexicoSanQuintin;52616
MexicoSantaAna;52641
MexicoSantiagoIxc;52323
MexicoSantiagoPapas;52674
MexicoSantiagoTian;52713
MexicoSilao;52472
MexicoTala;52384
MexicoTampico;52833
MexicoTapachula;52962
MexicoTaxco;52762
MexicoTecate;52665
MexicoTecoman;52313
MexicoTecpanDeGalea;52742
MexicoTecpatan;52968
MexicoTehuacan;52238
MexicoTeloloapan;52736
MexicoTenancingo;52714
MexicoTepatitlan;52378
MexicoTepic;52311
MexicoTequila;52374
MexicoTexcoco;52595
MexicoTeziutlan;52231
MexicoTicul;52997
MexicoTijuana;52664
MexicoTizayuca;52779
MexicoTlacotalpan;52288
MexicoTlapaDeComon;52757
MexicoTlaxcala;52246
MexicoToluca;52722
MexicoTorreon;52871
MexicoTula;52773
MexicoTulacingo;52775
MexicoTuxpan;52783
MexicoTuxtepec;52287
MexicoTuxtlaGutier;52961
MexicoUruapan;52452
MexicoValleDeBravo;52726
MexicoVeracruz;52229
MexicoVillahermosa;52993
MexicoYurecuaro;52356
MexicoZacapu;52436
MexicoZacatecas;52492
MexicoZamora;52351
MexicoZihuatanejo;52755
MexicoZinapecuaro;52451
MexicoZitacuaro;52715
MexicoZumpango;52591
Micronesia;691
Moldova;373
MoldovaChisinau;37322
MoldovaMMoldCell;37379
MoldovaMVoxtel;37369
MoldovaTransistria;37321
MoldovaTransistria;3735
MoldovaTransistriaM;373562
MoldovaTransistriaM;373567
MoldovaTransistriaM;37377
Monaco;377
MonacoM;3774
MonacoM;3776
MonacoMKFOR;37744
MonacoMKFOR;37747
Mongolia;976
MongoliaM;97688
MongoliaM;97691
MongoliaM;97696
MongoliaM;97699
Montenegro;3818
Montenegro;382
MontenegroM;38268
MontenegroMMonet;38167
MontenegroMMonet;38267
MontenegroMPromonte;38169
MontenegroMPromonte;38269
Montserrat;1664
Morocco;212
MoroccoCasablanca;21222
MoroccoM;2126
MoroccoM;2127
MoroccoMItisalat;21210
MoroccoMItisalat;21211
MoroccoMItisalat;21213
MoroccoMItisalat;21215
MoroccoMItisalat;21261
MoroccoMItisalat;21262
MoroccoMItisalat;21266
MoroccoMItisalat;21267
MoroccoMItisalat;21268
MoroccoMItisalat;21270
MoroccoMItisalat;21271
MoroccoMItisalat;21272
MoroccoMItisalat;21273
MoroccoMItisalat;21276
MoroccoMItisalat;21277
MoroccoMItisalat;21278
MoroccoMMediTelecom;21212
MoroccoMMediTelecom;21214
MoroccoMMediTelecom;21260
MoroccoMMediTelecom;21263
MoroccoMMediTelecom;21264
MoroccoMMediTelecom;21265
MoroccoMMediTelecom;21269
MoroccoMMediTelecom;21274
MoroccoMMediTelecom;21275
MoroccoMMediTelecom;21279
MoroccoRabat;21237
Mozambique;258
MozambiqueM;2588
MozambiqueMMcel;25882
MozambiqueMVodacom;25884
Myanmar;95
MyanmarM;959
Namibia;264
NamibiaM;26481
NamibiaM;26485
Nauru;674
Nepal;977
NepalKatmandu;97714
NepalKatmandu;97715
NepalKatmandu;97716
NepalM;97798
NetherlandAntilles;599
Netherlands;31
NetherlandsAmsterdam;3120
NetherlandsM;316
NetherlandsMKPN;31610
NetherlandsMKPN;31612
NetherlandsMKPN;31613
NetherlandsMKPN;31620
NetherlandsMKPN;31622
NetherlandsMKPN;31623
NetherlandsMKPN;31630
NetherlandsMKPN;31651
NetherlandsMKPN;31653
NetherlandsMKPN;31656
NetherlandsMKPN;31657
NetherlandsMKPN;31658
NetherlandsMKPN;31659
NetherlandsMKPN;31665
NetherlandsMO2;31616
NetherlandsMO2;31617
NetherlandsMO2;31619
NetherlandsMO2;31626
NetherlandsMO2;31633
NetherlandsMO2;31644
NetherlandsMO2;31645
NetherlandsMO2;31647
NetherlandsMO2;31649
NetherlandsMOrange;31618
NetherlandsMOrange;31628
NetherlandsMOrange;31638
NetherlandsMOrange;31639
NetherlandsMOrange;31648
NetherlandsMTele2;31636
NetherlandsMTele2;31640
NetherlandsMTMobile;31614
NetherlandsMTMobile;31624
NetherlandsMTMobile;31634
NetherlandsMTMobile;31641
NetherlandsMTMobile;31642
NetherlandsMTMobile;31643
NetherlandsMVodafone;31611
NetherlandsMVodafone;31615
NetherlandsMVodafone;31621
NetherlandsMVodafone;31625
NetherlandsMVodafone;31627
NetherlandsMVodafone;31629
NetherlandsMVodafone;31646
NetherlandsMVodafone;31650
NetherlandsMVodafone;31652
NetherlandsMVodafone;31654
NetherlandsMVodafone;31655
NewCaledonia;687
NewZealand;64
NewZealandAuckland;649
NewZealandM;642
NewZealandWellington;644
Nicaragua;505
NicaraguaM;5054
NicaraguaM;5055
NicaraguaM;5056
NicaraguaM;5058
NicaraguaMBellSouth;50545
NicaraguaMBellSouth;50546
NicaraguaMBellSouth;50567
NicaraguaMBellSouth;50568
NicaraguaMBellSouth;50580
NicaraguaMBellSouth;50581
NicaraguaMBellSouth;50586
NicaraguaMBellSouth;50587
NicaraguaMBellSouth;50588
NicaraguaMBellSouth;505893
NicaraguaMBellSouth;505894
NicaraguaMBellSouth;505895
NicaraguaMBellSouth;505896
NicaraguaMBellSouth;505897
NicaraguaMBellSouth;505898
NicaraguaMBellSouth;505899
Niger;227
Nigeria;234
NigeriaLagos;2341
NigeriaM;23480
NigeriaM;23490
NigeriaMEconet;234802
NigeriaMEconet;234808
NigeriaMGlobacom;234805
NigeriaMGlobacom;234807
NigeriaMMTN;234703
NigeriaMMTN;234803
NigeriaMMTN;234806
NigeriaMNitel;234804
NigerMCeltel;22796
NigerMSahelcom;22793
NigerMTelecel;22794
NiueIslands;683
NorfolkIsland;6723
NorthernMarianaIsl;1670
Norway;47
NorwayM;474
NorwayM;4759
NorwayM;479
NorwayOslo;4721
NorwayOslo;4722
NorwayOslo;4723
NorwayOslo;4724
Oman;968
OmanM;9689
Pakistan;92
PakistanIslamabad;9251
PakistanKarachi;9221
PakistanLahore;9242
PakistanM;923
PakistanMInstaphone;92320
PakistanMMobilink;92300
PakistanMMobilink;92301
PakistanMMobilink;92302
PakistanMMobilink;92306
PakistanMPaktel;92303
PakistanMPaktel;92304
PakistanMTelenor;92344
PakistanMTelenor;92345
PakistanMTelenor;92346
PakistanMUfone;92332
PakistanMUfone;92333
PakistanMUfone;92335
PakistanMWarid;92321
PakistanMWarid;92322
Palau;680
Palestine;970
Palestine;97222
Palestine;97242
Palestine;97282
Palestine;97292
PalestineMPalTel;97059
PalestineMPalTel;97259
Panama;507
PanamaM;5076
PanamaPanamaCity;5072
PanamaPanamaCity;5073
PapuaNewGuinea;675
Paraguay;595
ParaguayAsuncion;59521
ParaguayM;5959
Peru;51
PeruAncash;5143
PeruArequipa;5154
PeruCuzco;5184
PeruIca;5156
PeruJunin;5164
PeruLaLibertad;5144
PeruLambayeque;5174
PeruLima;511
PeruLimaM;5119
PeruM;51419
PeruM;51429
PeruM;51439
PeruM;51449
PeruM;51519
PeruM;51529
PeruM;51539
PeruM;51549
PeruM;51569
PeruM;51619
PeruM;51629
PeruM;51639
PeruM;51649
PeruM;51659
PeruM;51669
PeruM;51679
PeruM;51729
PeruM;51739
PeruM;51749
PeruM;51769
PeruM;51829
PeruM;51839
PeruM;51849
Philippines;63
PhilippinesBohol;63385
PhilippinesCebu;63324
PhilippinesLaUnion;63727
PhilippinesM;639
PhilippinesManila;632
PhilippinesMDigitel;63922
PhilippinesMDigitel;63923
PhilippinesMGlobe;63905
PhilippinesMGlobe;63906
PhilippinesMGlobe;63915
PhilippinesMGlobe;63916
PhilippinesMGlobe;63917
PhilippinesMGlobe;63926
PhilippinesMGlobe;63927
PhilippinesMSmart;63909
PhilippinesMSmart;63910
PhilippinesMSmart;63912
PhilippinesMSmart;63918
PhilippinesMSmart;63919
PhilippinesMSmart;63920
PhilippinesMSmart;63921
PhilippinesMSmart;63928
PhilippinesMSmart;63929
PhilippinesMSmart;6398
PhilippinesPangasin;63755
Poland;48
PolandGdansk;4858
PolandKatowice;4832
PolandKrakow;4812
PolandM;4866
PolandM;4869
PolandM;4878
PolandM;4879
PolandM;4888
PolandMEra;48600
PolandMEra;48602
PolandMEra;48604
PolandMEra;48606
PolandMEra;48608
PolandMEra;48660
PolandMEra;48662
PolandMEra;48664
PolandMEra;48668
PolandMEra;48692
PolandMEra;48694
PolandMEra;48696
PolandMEra;48698
PolandMEra;48784
PolandMEra;48787
PolandMEra;48788
PolandMEra;48880
PolandMEra;48884
PolandMEra;48886
PolandMEra;48888
PolandMEra;48889
PolandMOrange;4850
PolandMOrange;4851
PolandMOrange;48690
PolandMOrange;48780
PolandMOrange;48786
PolandMOrange;48789
PolandMOrange;48794
PolandMOrange;48795
PolandMOrange;48796
PolandMOrange;48797
PolandMOrange;48798
PolandMOrange;48799
PolandMPlus;48601
PolandMPlus;48603
PolandMPlus;48605
PolandMPlus;48607
PolandMPlus;48609
PolandMPlus;48661
PolandMPlus;48663
PolandMPlus;48665
PolandMPlus;48667
PolandMPlus;48669
PolandMPlus;48691
PolandMPlus;48693
PolandMPlus;48695
PolandMPlus;48697
PolandMPlus;48781
PolandMPlus;48782
PolandMPlus;48783
PolandMPlus;48785
PolandMPlus;48885
PolandMPlus;48887
PolandWarsaw;4822
Portugal;351
PortugalLisbon;35121
PortugalM;3519
PortugalMadeira;351291
PortugalMOptimus;35193
PortugalMTMN;35196
PortugalMVodafone;35191
PuertoRico;1787
PuertoRico;1939
Qatar;974
QatarM;9745
QatarM;97465
QatarM;97466
QatarM;97467
ReunionIsland;262
ReunionIslandM;262692
Romania;40
RomaniaBucharest;4021
RomaniaM;407
RomaniaMCosmorom;4076
RomaniaMMobifon;4072
RomaniaMMobifon;4073
RomaniaMOrange;4074
RomaniaMOrange;4075
RomaniaMTelemobil;4078
RomaniaOtherCarriers;403
Russia;7
RussiaAngarsk;739515
RussiaAngarsk;739516
RussiaAngarsk;739518
RussiaArkhangelsk;78182
RussiaBerdsk;738341
RussiaBerezniki;734242
RussiaBlagoveshchen;74162
RussiaBratsk;739531
RussiaBratsk;739533
RussiaBratsk;739534
RussiaChelyabinsk;73512
RussiaChelyabinsk;73517
RussiaIvanovo;74932
RussiaIzhevsk;73412
RussiaKalinigrad;74112
RussiaKamenskUralsky;73439
RussiaKarelskyRegion;7814
RussiaKazan;78432
RussiaKhabarovsk;74212
RussiaKrasnoyarsk;73912
RussiaLeningradskyReg;7813
RussiaM;79
RussiaMagadan;741322
RussiaMoscow;7495
RussiaMoscow;7499
RussiaMoscowregion;7496
RussiaMoscowregion;7498
RussiaMurmansk;78152
RussiaNakhodka;742366
RussiaNefteyugansk;734612
RussiaNovosibirsk;73832
RussiaNovosibirsk;73833
RussiaOmsk;73812
RussiaOverlay;750
RussiaOverlay;751
RussiaOverlay;754
RussiaPerm;73422
RussiaPetrozavodsk;78142
RussiaRostov;78632
RussiaSakhalinIsland;7424
RussiaSamara;78462
RussiaSaratov;78452
RussiaSeverodvinsk;781842
RussiaSeverodvinsk;781845
RussiaSeversk;73823
RussiaStPetersburg;7812
RussiaUfa;73472
RussiaVladiwostok;74232
RussiaVolgograd;78442
RussiaVoronezh;74732
RussiaVoronezhRegion;7473
RussiaYekaterinburg;73432
RussiaYekaterinburg;73433
RussiaYuzhnoSakhal;74242
RussiaZone1;73012
RussiaZone1;73022
RussiaZone1;7336
RussiaZone1;73410
RussiaZone1;73411
RussiaZone1;73413
RussiaZone1;73414
RussiaZone1;73415
RussiaZone1;73416
RussiaZone1;73417
RussiaZone1;73418
RussiaZone1;73419
RussiaZone1;73452
RussiaZone1;73462
RussiaZone1;73470
RussiaZone1;73471
RussiaZone1;73473
RussiaZone1;73474
RussiaZone1;73475
RussiaZone1;73476
RussiaZone1;73477
RussiaZone1;73478
RussiaZone1;73479
RussiaZone1;73492
RussiaZone1;73522
RussiaZone1;7353
RussiaZone1;73822
RussiaZone1;73842
RussiaZone1;73852
RussiaZone1;73882
RussiaZone1;73902
RussiaZone1;73942
RussiaZone1;73952
RussiaZone1;7401
RussiaZone1;7471
RussiaZone1;7472
RussiaZone1;74730
RussiaZone1;74731
RussiaZone1;74733
RussiaZone1;74734
RussiaZone1;74735
RussiaZone1;74736
RussiaZone1;74737
RussiaZone1;74738
RussiaZone1;74739
RussiaZone1;7474
RussiaZone1;7475
RussiaZone1;7477
RussiaZone1;7481
RussiaZone1;7482
RussiaZone1;7483
RussiaZone1;7484
RussiaZone1;7485
RussiaZone1;7486
RussiaZone1;7487
RussiaZone1;7491
RussiaZone1;7492
RussiaZone1;74930
RussiaZone1;74931
RussiaZone1;74933
RussiaZone1;74934
RussiaZone1;74935
RussiaZone1;74936
RussiaZone1;74937
RussiaZone1;74938
RussiaZone1;74939
RussiaZone1;7494
RussiaZone1;7501
RussiaZone1;7503
RussiaZone1;7811
RussiaZone1;7816
RussiaZone1;78170
RussiaZone1;78171
RussiaZone1;78173
RussiaZone1;78174
RussiaZone1;78175
RussiaZone1;78176
RussiaZone1;78177
RussiaZone1;78178
RussiaZone1;78179
RussiaZone1;7820
RussiaZone1;7831
RussiaZone1;7833
RussiaZone1;7834
RussiaZone1;7835
RussiaZone1;7836
RussiaZone1;7841
RussiaZone1;7842
RussiaZone1;78430
RussiaZone1;78431
RussiaZone1;78433
RussiaZone1;78434
RussiaZone1;78435
RussiaZone1;78436
RussiaZone1;78437
RussiaZone1;78438
RussiaZone1;78439
RussiaZone1;78440
RussiaZone1;78441
RussiaZone1;78443
RussiaZone1;78444
RussiaZone1;78445
RussiaZone1;78446
RussiaZone1;78447
RussiaZone1;78448
RussiaZone1;78449
RussiaZone1;78450
RussiaZone1;78451
RussiaZone1;78453
RussiaZone1;78454
RussiaZone1;78455
RussiaZone1;78456
RussiaZone1;78457
RussiaZone1;78458
RussiaZone1;78459
RussiaZone1;78460
RussiaZone1;78461
RussiaZone1;78463
RussiaZone1;78464
RussiaZone1;78465
RussiaZone1;78466
RussiaZone1;78467
RussiaZone1;78468
RussiaZone1;78469
RussiaZone1;7847
RussiaZone1;7848
RussiaZone1;7851
RussiaZone1;7855
RussiaZone1;7861
RussiaZone1;7862
RussiaZone1;78630
RussiaZone1;78631
RussiaZone1;78634
RussiaZone1;78635
RussiaZone1;78636
RussiaZone1;78637
RussiaZone1;78638
RussiaZone1;78639
RussiaZone1;7865
RussiaZone1;7866
RussiaZone1;7867
RussiaZone1;7871
RussiaZone1;7872
RussiaZone1;7873
RussiaZone1;7877
RussiaZone1;7878
RussiaZone1;7879
RussiaZone1;788
RussiaZone1;789
Rwanda;250
RwandaM;25005
RwandaM;25008
SaintHelena;290
SaintKitts;1869
SaintLucia;1758
SaintPierre;508
SaintVincent;1784
SanMarino;378
SaoTome;239
SaudiArabia;966
SaudiArabiaJeddah;96622
SaudiArabiaJeddah;96626
SaudiArabiaM;9665
SaudiArabiaRiyad;96612
SaudiArabiaRiyad;96614
Senegal;221
SenegalDakar;2218
SenegalM;2212
SenegalM;2213
SenegalM;2214
SenegalM;2215
SenegalM;2216
Serbia;381
SerbiaBelgrade;38111
SerbiaM;3816
SerbiaMMobilkom;38160
SerbiaMMobilkom;38161
SerbiaMTelecomSerbia;38164
SerbiaMTelecomSerbia;38165
SerbiaMTelecomSerbia;38166
SerbiaMTelenor;38162
SerbiaMTelenor;38163
Seychelles;248
SeychellesM;2485
SeychellesM;2487
SierraLeone;232
SierraLeoneFreetown;23222
SierraLeoneM;23235
SierraLeoneM;23240
SierraLeoneM;23250
SierraLeoneMAfricell;23277
SierraLeoneMCeltel;23276
SierraLeoneMComium;23233
SierraLeoneMMillicom;23230
SierraLeoneMMobitel;23223
Singapore;65
SingaporeM;658
SingaporeM;659
SlovakRep;421
SlovakRepBratislava;4212
SlovakRepM;4219
SlovakRepMEurotel;421901
SlovakRepMEurotel;421902
SlovakRepMEurotel;421903
SlovakRepMEurotel;421904
SlovakRepMEurotel;421910
SlovakRepMEurotel;421911
SlovakRepMEurotel;421912
SlovakRepMEurotel;421914
SlovakRepMOrange;421905
SlovakRepMOrange;421906
SlovakRepMOrange;421907
SlovakRepMOrange;421908
SlovakRepMOrange;421915
SlovakRepMOrange;421916
SlovakRepMOrange;421917
SlovakRepMOrange;421918
SlovakRepMOrange;421919
Slovenia;386
SloveniaM;38620
SloveniaM;38621
SloveniaMMobitel;38631
SloveniaMMobitel;38641
SloveniaMMobitel;38650
SloveniaMMobitel;38651
SloveniaMMobitel;38660
SloveniaMMobitel;38661
SloveniaMVega;38670
SloveniaMVega;38671
SloveniaMVodafone;38630
SloveniaMVodafone;38640
SolomonIslands;677
Somalia;252
SouthAfrica;27
SouthAfricaCapeTown;2721
SouthAfricaDurban;2731
SouthAfricaJohannesb;2711
SouthAfricaM;277
SouthAfricaM;278
Spain;34
SpainM;346
SpainMadrid;3491
SpainMAmenaRete;34605
SpainMAmenaRete;34615
SpainMAmenaRete;34625
SpainMAmenaRete;34635
SpainMAmenaRete;34645
SpainMAmenaRete;34651
SpainMAmenaRete;34652
SpainMAmenaRete;34653
SpainMAmenaRete;34654
SpainMAmenaRete;34655
SpainMAmenaRete;34656
SpainMAmenaRete;34657
SpainMAmenaRete;34658
SpainMAmenaRete;34665
SpainMAmenaRete;34675
SpainMAmenaRete;34685
SpainMAmenaRete;34691
SpainMAmenaRete;34692
SpainMAmenaRete;34693
SpainMAmenaRete;34695
SpainMTelefonica;34606
SpainMTelefonica;34608
SpainMTelefonica;34609
SpainMTelefonica;34616
SpainMTelefonica;34618
SpainMTelefonica;34619
SpainMTelefonica;34620
SpainMTelefonica;34626
SpainMTelefonica;34628
SpainMTelefonica;34629
SpainMTelefonica;34630
SpainMTelefonica;34636
SpainMTelefonica;34638
SpainMTelefonica;34639
SpainMTelefonica;34646
SpainMTelefonica;34648
SpainMTelefonica;34649
SpainMTelefonica;34650
SpainMTelefonica;34659
SpainMTelefonica;34660
SpainMTelefonica;34669
SpainMTelefonica;34676
SpainMTelefonica;34679
SpainMTelefonica;34680
SpainMTelefonica;34686
SpainMTelefonica;34689
SpainMTelefonica;34690
SpainMTelefonica;34696
SpainMTelefonica;34699
SpainMVodafone;34600
SpainMVodafone;34607
SpainMVodafone;34610
SpainMVodafone;34617
SpainMVodafone;34627
SpainMVodafone;34634
SpainMVodafone;34637
SpainMVodafone;34647
SpainMVodafone;34661
SpainMVodafone;34662
SpainMVodafone;34663
SpainMVodafone;34664
SpainMVodafone;34666
SpainMVodafone;34667
SpainMVodafone;34670
SpainMVodafone;34671
SpainMVodafone;34677
SpainMVodafone;34678
SpainMVodafone;34687
SpainMVodafone;34697
SpainMXfera;34622
SpainMXfera;34633
SriLanka;94
SriLankaColombo;9411
SriLankaM;947
SriLankaMCelltel;9472
SriLankaMHutchinson;9478
SriLankaMMobitel;9471
SriLankaMMTN;9477
Sudan;249
SudanKhartoum;249183
SudanKhartoum;249185
SudanKhartoum;249186
SudanKhartoum;249187
SudanMAreeba;24992
SudanMMobitel;24991
Suriname;597
SurinameM;5978
Swaziland;268
SwazilandM;2686
Sweden;46
SwedenM;46676
SwedenM;4670
SwedenM;4671
SwedenM;4673
SwedenM;4676
SwedenMComviq;46252
SwedenMComviq;467015
SwedenMComviq;467016
SwedenMComviq;46704
SwedenMComviq;46707
SwedenMComviq;467321
SwedenMComviq;467322
SwedenMComviq;467355
SwedenMComviq;467356
SwedenMComviq;467357
SwedenMComviq;467358
SwedenMComviq;467359
SwedenMComviq;46736
SwedenMComviq;46737
SwedenMComviq;46739
SwedenMComviq;46762
SwedenMComviq;467655
SwedenMComviq;467656
SwedenMComviq;467657
SwedenMComviq;467658
SwedenMComviq;467659
SwedenMComviq;4676695
SwedenMComviq;4676696
SwedenMComviq;4676697
SwedenMComviq;4676698
SwedenMComviq;4676699
SwedenMComviq;467672673
SwedenMHI3G;46675
SwedenMHI3G;467350
SwedenMHI3G;467351
SwedenMHI3G;467352
SwedenMHI3G;467353
SwedenMHI3G;467354
SwedenMHI3G;46763
SwedenMTelenor;46674
SwedenMTelenor;467011
SwedenMTelenor;467014
SwedenMTelenor;4670196
SwedenMTelenor;4670197
SwedenMTelenor;4670198
SwedenMTelenor;4670199
SwedenMTelenor;46708
SwedenMTelenor;46709
SwedenMTelenor;467190001
SwedenMTelenor;467310
SwedenMTelenor;467314
SwedenMTelenor;467315
SwedenMTelenor;467320
SwedenMTelenor;467323
SwedenMTelenor;467324
SwedenMTelenor;467325
SwedenMTelenor;467326
SwedenMTelenor;467328
SwedenMTelenor;46733
SwedenMTelenor;467340
SwedenMTelenor;467341
SwedenMTelenor;467342
SwedenMTelenor;467343
SwedenMTelenor;467344
SwedenMTelenor;467385
SwedenMTelenor;467386
SwedenMTelenor;467388
SwedenMTelenor;467660
SwedenMTelenor;467661
SwedenMTelenor;467662
SwedenMTelenor;467663
SwedenMTelenor;467664
SwedenMTelenor;467685
SwedenMTelenor;467686
SwedenMTelenor;467687
SwedenMTelenor;467688
SwedenMTelenor;467689
SwedenMTelia;46102
SwedenMTelia;46103
SwedenMTelia;46106
SwedenMTelia;46376
SwedenMTelia;46518
SwedenMTelia;46519
SwedenMTelia;46673
SwedenMTelia;467010
SwedenMTelia;467012
SwedenMTelia;467013
SwedenMTelia;467017
SwedenMTelia;467018
SwedenMTelia;4670190
SwedenMTelia;4670191
SwedenMTelia;4670195
SwedenMTelia;46702
SwedenMTelia;46703
SwedenMTelia;46705
SwedenMTelia;46706
SwedenMTelia;467190000
SwedenMTelia;46730
SwedenMTelia;467311
SwedenMTelia;467316
SwedenMTelia;467318
SwedenMTelia;467319
SwedenMTelia;467327
SwedenMTelia;467329
SwedenMTelia;4673456
SwedenMTelia;467380
SwedenMTelia;467381
SwedenMTelia;467382
SwedenMTelia;467383
SwedenMTelia;467384
SwedenMTelia;467610
SwedenMTelia;467611
SwedenMTelia;467612
SwedenMTelia;467613
SwedenMTelia;467614
SwedenMTelia;46767624
SwedenMTelia;46767625
SwedenMTelia;46767626
SwedenMTelia;467680
SwedenMTelia;467681
SwedenMTelia;467682
SwedenMTelia;467683
SwedenMTelia;467684
SwedenStockholm;468
Switzerland;41
SwitzerlandM;4174
SwitzerlandM;4177
SwitzerlandM;4186
SwitzerlandMOrange;4178
SwitzerlandMSunrise;4176
SwitzerlandMSwisscom;41774
SwitzerlandMSwisscom;4179
SwitzerlandMTele2;417720
SwitzerlandZurich;4143
SwitzerlandZurich;4144
Syria;963
SyriaM;96392
SyriaM;96393
SyriaM;96394
SyriaM;96395
SyriaM;96396
SyriaM;96397
SyriaM;96398
SyriaM;96399
Taiwan;886
TaiwanM;88660
TaiwanM;88670
TaiwanM;8869
TaiwanTaipei;8862
Tajikistan;992
TajikistanDushanbe;992372
TajikistanM;9929
Tanzania;255
TanzaniaDarEsSalaam;25522
TanzaniaM;2557
TanzaniaZanzibar;25524
Thailand;66
ThailandBangkok;662
ThailandM;668
Thuraya;88216
TogoRepublic;228
TogoRepublicM;2289
TogoRepublicMTelecel;22894
TogoRepublicMTelecel;22895
TogoRepublicMTogocel;22890
Tokelau;690
TongaIsland;676
TrinidadTobago;1868
Tunisia;216
TunisiaMOrascom;2162
TunisiaMTunTel;2169
TunisiaTunis;21671
Turkey;90
TurkeyAdana;90322
TurkeyAnkarra;90312
TurkeyAntalya;90242
TurkeyBursa;90224
TurkeyDiyarbakir;90412
TurkeyIstanbul;90212
TurkeyIstanbul;90216
TurkeyIzmir;90232
TurkeyIzmit;90262
TurkeyKayseri;90352
TurkeyKonya;90332
TurkeyM;905
TurkeyMAVEA;90505
TurkeyMAVEA;90555
TurkeyMTelsim;9054
TurkeyMTurkcell;9053
TurkeyMugla;90252
TurkeyNorthCyprus;90392
TurkeyNorthCyprusM;9039285
TurkeySamsun;90362
TurkeyTrabzon;90462
Turkmenistan;993
TurkmenistanM;9936
TurksCaicos;1649
Tuvalu;688
Uganda;256
UgandaM;2567
UgandaMCeltel;25675
UgandaMMTNUganda;25677
UgandaMMTNUganda;25678
UgandaMUTLTelecel;25671
UK;44
UKFreephone;448
UKLondon;44207
UKLondon;44208
UKM;447
UKMH3G;447533
UKMH3G;447588
UKMH3G;447723
UKMH3G;447727
UKMH3G;447728
UKMH3G;447735
UKMH3G;447737
UKMH3G;447782
UKMH3G;447828
UKMH3G;447830
UKMH3G;447832
UKMH3G;447838
UKMH3G;447846
UKMH3G;447848
UKMH3G;447853
UKMH3G;447859
UKMH3G;447861
UKMH3G;447862
UKMH3G;447863
UKMH3G;447865
UKMH3G;447868
UKMH3G;447869
UKMH3G;447877
UKMH3G;447878
UKMH3G;447882
UKMH3G;447883
UKMH3G;447886
UKMH3G;447888
UKMH3G;447897
UKMH3G;447898
UKMH3G;447915
UKMH3G;447916
UKMH3G;447988
UKMO2;44751
UKMO2;447701
UKMO2;447702
UKMO2;447703
UKMO2;447704
UKMO2;447705
UKMO2;447706
UKMO2;447707
UKMO2;447708
UKMO2;447709
UKMO2;447710
UKMO2;447711
UKMO2;447712
UKMO2;447713
UKMO2;447714
UKMO2;447715
UKMO2;447716
UKMO2;447718
UKMO2;447719
UKMO2;447720
UKMO2;447724
UKMO2;447725
UKMO2;447729
UKMO2;447730
UKMO2;447731
UKMO2;447732
UKMO2;447734
UKMO2;447736
UKMO2;447738
UKMO2;447739
UKMO2;447740
UKMO2;447742
UKMO2;447743
UKMO2;447745
UKMO2;447746
UKMO2;447749
UKMO2;447750
UKMO2;447751
UKMO2;447752
UKMO2;447753
UKMO2;447754
UKMO2;447756
UKMO2;447759
UKMO2;447761
UKMO2;447762
UKMO2;447763
UKMO2;447764
UKMO2;447783
UKMO2;447784
UKMO2;447793
UKMO2;447801
UKMO2;447802
UKMO2;447803
UKMO2;447808
UKMO2;447809
UKMO2;447819
UKMO2;447820
UKMO2;447821
UKMO2;447834
UKMO2;447835
UKMO2;447840
UKMO2;447841
UKMO2;447842
UKMO2;447843
UKMO2;447844
UKMO2;447845
UKMO2;447849
UKMO2;447850
UKMO2;447851
UKMO2;447856
UKMO2;447857
UKMO2;447858
UKMO2;447860
UKMO2;4478640
UKMO2;4478641
UKMO2;4478642
UKMO2;4478643
UKMO2;4478645
UKMO2;4478646
UKMO2;4478647
UKMO2;4478648
UKMO2;4478649
UKMO2;447871
UKMO2;4478720
UKMO2;4478721
UKMO2;4478723
UKMO2;4478724
UKMO2;4478725
UKMO2;4478726
UKMO2;4478728
UKMO2;4478729
UKMO2;4478731
UKMO2;4478732
UKMO2;4478733
UKMO2;4478734
UKMO2;4478735
UKMO2;4478736
UKMO2;4478737
UKMO2;4478738
UKMO2;4478739
UKMO2;4478740
UKMO2;4478741
UKMO2;4478742
UKMO2;4478743
UKMO2;4478746
UKMO2;4478747
UKMO2;4478748
UKMO2;4478749
UKMO2;447885
UKMO2;447889
UKMO2;4478923
UKMO2;4478924
UKMO2;4478926
UKMO2;4478927
UKMO2;4478928
UKMO2;4478929
UKMO2;4478932
UKMO2;4478934
UKMO2;4478935
UKMO2;4478936
UKMO2;4478937
UKMO2;447894
UKMO2;447895
UKMO2;447902
UKMO2;447907
UKMO2;447912
UKMO2;447921
UKMO2;447922
UKMO2;447923
UKMO2;447925
UKMO2;447926
UKMO2;447927
UKMO2;447928
UKMO2;447933
UKMO2;447934
UKMO2;447935
UKMO2;447936
UKMO2;447938
UKMO2;447955
UKMO2;447999
UKMOrange;447772
UKMOrange;447773
UKMOrange;447779
UKMOrange;447790
UKMOrange;447791
UKMOrange;447792
UKMOrange;447794
UKMOrange;447800
UKMOrange;447805
UKMOrange;447807
UKMOrange;447811
UKMOrange;447812
UKMOrange;447813
UKMOrange;447814
UKMOrange;447815
UKMOrange;447816
UKMOrange;447817
UKMOrange;447837
UKMOrange;447854
UKMOrange;447855
UKMOrange;447866
UKMOrange;447870
UKMOrange;447875
UKMOrange;447890
UKMOrange;447891
UKMOrange;447896
UKMOrange;447929
UKMOrange;447964
UKMOrange;447965
UKMOrange;447966
UKMOrange;447967
UKMOrange;447968
UKMOrange;447969
UKMOrange;447970
UKMOrange;447971
UKMOrange;447972
UKMOrange;447973
UKMOrange;447974
UKMOrange;447975
UKMOrange;447976
UKMOrange;447977
UKMOrange;447980
UKMOrange;447989
UKMTmobile;447504
UKMTmobile;447505
UKMTmobile;447506
UKMTmobile;447507
UKMTmobile;447508
UKMTmobile;447722
UKMTmobile;447726
UKMTmobile;447757
UKMTmobile;447758
UKMTmobile;447804
UKMTmobile;447806
UKMTmobile;447847
UKMTmobile;447852
UKMTmobile;447903
UKMTmobile;447904
UKMTmobile;447905
UKMTmobile;447906
UKMTmobile;447908
UKMTmobile;447910
UKMTmobile;447913
UKMTmobile;447914
UKMTmobile;447930
UKMTmobile;447931
UKMTmobile;447932
UKMTmobile;447939
UKMTmobile;44794
UKMTmobile;447950
UKMTmobile;447951
UKMTmobile;447952
UKMTmobile;447953
UKMTmobile;447954
UKMTmobile;447956
UKMTmobile;447957
UKMTmobile;447958
UKMTmobile;447959
UKMTmobile;447960
UKMTmobile;447961
UKMTmobile;447962
UKMTmobile;447963
UKMTmobile;447981
UKMTmobile;447982
UKMTmobile;447983
UKMTmobile;447984
UKMTmobile;447985
UKMTmobile;447986
UKMTmobile;447987
UKMVodafone;447500
UKMVodafone;447501
UKMVodafone;447502
UKMVodafone;447503
UKMVodafone;447717
UKMVodafone;447721
UKMVodafone;447733
UKMVodafone;447741
UKMVodafone;447747
UKMVodafone;447748
UKMVodafone;447760
UKMVodafone;447765
UKMVodafone;447766
UKMVodafone;447767
UKMVodafone;447768
UKMVodafone;447769
UKMVodafone;447770
UKMVodafone;447771
UKMVodafone;447774
UKMVodafone;447775
UKMVodafone;447776
UKMVodafone;447778
UKMVodafone;447780
UKMVodafone;447785
UKMVodafone;447786
UKMVodafone;447787
UKMVodafone;447788
UKMVodafone;447789
UKMVodafone;447795
UKMVodafone;447796
UKMVodafone;447798
UKMVodafone;447799
UKMVodafone;447810
UKMVodafone;447818
UKMVodafone;447823
UKMVodafone;447824
UKMVodafone;447825
UKMVodafone;447826
UKMVodafone;447827
UKMVodafone;447831
UKMVodafone;447833
UKMVodafone;447836
UKMVodafone;447867
UKMVodafone;447876
UKMVodafone;447879
UKMVodafone;447880
UKMVodafone;447881
UKMVodafone;447884
UKMVodafone;447887
UKMVodafone;447899
UKMVodafone;447900
UKMVodafone;447901
UKMVodafone;447909
UKMVodafone;447917
UKMVodafone;447918
UKMVodafone;447919
UKMVodafone;447920
UKMVodafone;447979
UKMVodafone;447990
UKPager;4476
UKPersonalNumber;4470
Ukraine;380
UkraineDnepropetrov;380562
UkraineDnepropetrov;3805637
UkraineDnepropetrov;380567
UkraineDonetsk;380622
UkraineDonetsk;3806230
UkraineDonetsk;3806231
UkraineDonetsk;3806233
UkraineDonetsk;3806234
UkraineDonetsk;3806238
UkraineKharkov;380572
UkraineKharkov;380573
UkraineKharkov;380577
UkraineKiev;380442
UkraineKiev;380444
UkraineKiev;380445
UkraineKrivoiRog;380564
UkraineLviv;380322
UkraineM;38092
UkraineM;38094
UkraineMAstelit;38063
UkraineMAstelit;38093
UkraineMGolden;38039
UkraineMKyivstar;38067
UkraineMKyivstar;38096
UkraineMKyivstar;38097
UkraineMKyivstar;38098
UkraineMUMC;38050
UkraineMUMC;38066
UkraineMUMC;38095
UkraineMUMC;38099
UkraineMWellcom;38068
UkraineOdessa;380482
UkraineOdessa;380487
UkraineSevastopol;380692
UkraineSimferopol;380652
UkraineZaporizhzhya;380612
UKSharedCost1;4484
UKSharedCost2;4487
UnitedArabEmir;971
UnitedArabEmirAbuDhab;9712
UnitedArabEmirDubai;9714
UnitedArabEmirM;97150
UnitedArabEmirM;97155
UnitedStates;1
UnitedStatesAlaska;1907
UnitedStatesAtlanta;1404
UnitedStatesAtlanta;1678
UnitedStatesAtlanta;1706
UnitedStatesAtlanta;1770
UnitedStatesBoston;1617
UnitedStatesBoston;1781
UnitedStatesChicago;1312
UnitedStatesChicago;1630
UnitedStatesChicago;1708
UnitedStatesChicago;1773
UnitedStatesChicago;1847
UnitedStatesDallas;1214
UnitedStatesDallas;1469
UnitedStatesDallas;1972
UnitedStatesHawaii;1808
UnitedStatesLosAng;1213
UnitedStatesLosAng;1310
UnitedStatesLosAng;1323
UnitedStatesLosAng;1562
UnitedStatesLosAng;1626
UnitedStatesLosAng;1714
UnitedStatesLosAng;1818
UnitedStatesLosAng;1949
UnitedStatesMiami;1305
UnitedStatesMiami;1786
UnitedStatesMichigan;1231
UnitedStatesMichigan;1248
UnitedStatesMichigan;1269
UnitedStatesMichigan;1313
UnitedStatesMichigan;1517
UnitedStatesMichigan;1586
UnitedStatesMichigan;1616
UnitedStatesMichigan;1734
UnitedStatesMichigan;1810
UnitedStatesMichigan;1906
UnitedStatesMichigan;1989
UnitedStatesNewYork;1212
UnitedStatesNewYork;1347
UnitedStatesNewYork;1516
UnitedStatesNewYork;1631
UnitedStatesNewYork;1646
UnitedStatesNewYork;1718
UnitedStatesNewYork;1917
UnitedStatesSeattle;1206
UnitedStatesSeattle;1425
UnitedStatesTollFree;1800
UnitedStatesTollFree;1866
UnitedStatesTollFree;1877
UnitedStatesTollFree;1880
UnitedStatesTollFree;1881
UnitedStatesTollFree;1888
Uruguay;598
UruguayM;5989
UruguayMontevideo;5982
USVirginIsland;1340
Uzbekistan;998
UzbekistanM;9989
UzbekistanMBuztel;99891
UzbekistanMCoscom;99893
UzbekistanMRubicon;99898
UzbekistanMUzdunrob;99897
UzbekistanMUzmacom;99892
UzbekistanMUzPak;99899
UzbekistanTaskent;998711
UzbekistanTaskent;998712
UzbekistanTaskent;998713
VanuatuRepublic;678
VaticanCity;3906698
Venezuela;58
VenezuelaCaracas;58212
VenezuelaM;5841
VenezuelaMaracaibo;58261
VenezuelaMDigiCel;58417
VenezuelaMDigitel;58412
VenezuelaMInfonet;58418
VenezuelaMMovilnet;58416
VenezuelaMMovilnet;58426
VenezuelaMTelcel;58414
VenezuelaMTelcel;58424
VenezuelaMTesam;58415
Vietnam;84
VietnamHanoi;844
VietnamHoChiMinh;848
VietnamM;849
WallisandFutuna;681
WesternSamoa;685
Yemen;967
YemenM;96771
YemenM;96773
YemenM;96777
YemenM;96779
ZaireCongoDR;243
ZaireCongoDRM;24378
ZaireCongoDRM;24380
ZaireCongoDRM;24384
ZaireCongoDRM;24385
ZaireCongoDRM;24388
ZaireCongoDRM;24389
ZaireCongoDRM;24397
ZaireCongoDRMCeltel;24398
ZaireCongoDRMCeltel;24399
ZaireCongoDRMVodacom;24368
ZaireCongoDRMVodacom;24381
Zambia;260
ZambiaM;26098
ZambiaM;26099
ZambiaMCeltel;26097
ZambiaMTelecel;26096
ZambiaMZantel;26095
Zimbabwe;263
ZimbabweHarare;2634
ZimbabweMEconet;26391
ZimbabweMNetOne;26311
ZimbabweMTelecel;26323